asset_id,file,width,height,area,mode,style_family_hint,usage_hint,caution
RYO26-001,images/image100.png,56,56,3136,RGBA,flat round business icon,Small app/business icon. Use as low-emphasis category markers or dashboard legends.,Avoid using as official kintone app icons unless provenance is confirmed.
RYO26-002,images/image101.png,56,56,3136,RGBA,flat round business icon,Small app/business icon. Use as low-emphasis category markers or dashboard legends.,Avoid using as official kintone app icons unless provenance is confirmed.
RYO26-003,images/image102.png,56,56,3136,RGBA,flat round business icon,Small app/business icon. Use as low-emphasis category markers or dashboard legends.,Avoid using as official kintone app icons unless provenance is confirmed.
RYO26-004,images/image103.png,56,56,3136,RGBA,flat round business icon,Small app/business icon. Use as low-emphasis category markers or dashboard legends.,Avoid using as official kintone app icons unless provenance is confirmed.
RYO26-005,images/image104.png,56,56,3136,RGBA,flat round business icon,Small app/business icon. Use as low-emphasis category markers or dashboard legends.,Avoid using as official kintone app icons unless provenance is confirmed.
RYO26-006,images/image105.png,56,56,3136,RGBA,flat round business icon,Small app/business icon. Use as low-emphasis category markers or dashboard legends.,Avoid using as official kintone app icons unless provenance is confirmed.
RYO26-007,images/image106.png,56,56,3136,RGBA,flat round business icon,Small app/business icon. Use as low-emphasis category markers or dashboard legends.,Avoid using as official kintone app icons unless provenance is confirmed.
RYO26-008,images/image107.png,56,56,3136,RGBA,flat round business icon,Small app/business icon. Use as low-emphasis category markers or dashboard legends.,Avoid using as official kintone app icons unless provenance is confirmed.
RYO26-009,images/image108.png,56,56,3136,RGBA,flat round business icon,Small app/business icon. Use as low-emphasis category markers or dashboard legends.,Avoid using as official kintone app icons unless provenance is confirmed.
RYO26-010,images/image109.png,56,56,3136,RGBA,flat round business icon,Small app/business icon. Use as low-emphasis category markers or dashboard legends.,Avoid using as official kintone app icons unless provenance is confirmed.
RYO26-011,images/image110.png,56,56,3136,RGBA,flat round business icon,Small app/business icon. Use as low-emphasis category markers or dashboard legends.,Avoid using as official kintone app icons unless provenance is confirmed.
RYO26-012,images/image111.png,56,56,3136,RGBA,flat round business icon,Small app/business icon. Use as low-emphasis category markers or dashboard legends.,Avoid using as official kintone app icons unless provenance is confirmed.
RYO26-013,images/image112.png,56,56,3136,RGBA,flat round business icon,Small app/business icon. Use as low-emphasis category markers or dashboard legends.,Avoid using as official kintone app icons unless provenance is confirmed.
RYO26-014,images/image113.png,56,56,3136,RGBA,flat round business icon,Small app/business icon. Use as low-emphasis category markers or dashboard legends.,Avoid using as official kintone app icons unless provenance is confirmed.
RYO26-015,images/image114.png,56,56,3136,RGBA,flat round business icon,Small app/business icon. Use as low-emphasis category markers or dashboard legends.,Avoid using as official kintone app icons unless provenance is confirmed.
RYO26-016,images/image115.png,56,56,3136,RGBA,flat round business icon,Small app/business icon. Use as low-emphasis category markers or dashboard legends.,Avoid using as official kintone app icons unless provenance is confirmed.
RYO26-017,images/image116.png,56,56,3136,RGBA,flat round business icon,Small app/business icon. Use as low-emphasis category markers or dashboard legends.,Avoid using as official kintone app icons unless provenance is confirmed.
RYO26-018,images/image117.png,56,56,3136,RGBA,flat round business icon,Small app/business icon. Use as low-emphasis category markers or dashboard legends.,Avoid using as official kintone app icons unless provenance is confirmed.
RYO26-019,images/image118.png,56,56,3136,RGBA,flat round business icon,Small app/business icon. Use as low-emphasis category markers or dashboard legends.,Avoid using as official kintone app icons unless provenance is confirmed.
RYO26-020,images/image119.png,56,56,3136,RGBA,flat round business icon,Small app/business icon. Use as low-emphasis category markers or dashboard legends.,Avoid using as official kintone app icons unless provenance is confirmed.
RYO26-021,images/image120.png,56,56,3136,RGBA,flat round business icon,Small app/business icon. Use as low-emphasis category markers or dashboard legends.,Avoid using as official kintone app icons unless provenance is confirmed.
RYO26-022,images/image121.png,56,56,3136,RGBA,flat round business icon,Small app/business icon. Use as low-emphasis category markers or dashboard legends.,Avoid using as official kintone app icons unless provenance is confirmed.
RYO26-023,images/image122.png,56,56,3136,RGBA,flat round business icon,Small app/business icon. Use as low-emphasis category markers or dashboard legends.,Avoid using as official kintone app icons unless provenance is confirmed.
RYO26-024,images/image123.png,56,56,3136,RGBA,flat round business icon,Small app/business icon. Use as low-emphasis category markers or dashboard legends.,Avoid using as official kintone app icons unless provenance is confirmed.
RYO26-025,images/image124.png,56,56,3136,RGBA,flat round business icon,Small app/business icon. Use as low-emphasis category markers or dashboard legends.,Avoid using as official kintone app icons unless provenance is confirmed.
RYO26-026,images/image125.png,56,56,3136,RGBA,flat round business icon,Small app/business icon. Use as low-emphasis category markers or dashboard legends.,Avoid using as official kintone app icons unless provenance is confirmed.
RYO26-027,images/image126.png,56,56,3136,RGBA,flat round business icon,Small app/business icon. Use as low-emphasis category markers or dashboard legends.,Avoid using as official kintone app icons unless provenance is confirmed.
RYO26-028,images/image127.png,56,56,3136,RGBA,flat round business icon,Small app/business icon. Use as low-emphasis category markers or dashboard legends.,Avoid using as official kintone app icons unless provenance is confirmed.
RYO26-029,images/image128.png,56,56,3136,RGBA,flat round business icon,Small app/business icon. Use as low-emphasis category markers or dashboard legends.,Avoid using as official kintone app icons unless provenance is confirmed.
RYO26-030,images/image129.png,56,56,3136,RGBA,flat round business icon,Small app/business icon. Use as low-emphasis category markers or dashboard legends.,Avoid using as official kintone app icons unless provenance is confirmed.
RYO26-031,images/image130.png,56,56,3136,RGBA,flat round business icon,Small app/business icon. Use as low-emphasis category markers or dashboard legends.,Avoid using as official kintone app icons unless provenance is confirmed.
RYO26-032,images/image131.png,56,56,3136,RGBA,flat round business icon,Small app/business icon. Use as low-emphasis category markers or dashboard legends.,Avoid using as official kintone app icons unless provenance is confirmed.
RYO26-033,images/image132.png,56,56,3136,RGBA,flat round business icon,Small app/business icon. Use as low-emphasis category markers or dashboard legends.,Avoid using as official kintone app icons unless provenance is confirmed.
RYO26-034,images/image133.png,56,56,3136,RGBA,flat round business icon,Small app/business icon. Use as low-emphasis category markers or dashboard legends.,Avoid using as official kintone app icons unless provenance is confirmed.
RYO26-035,images/image134.png,56,56,3136,RGBA,flat round business icon,Small app/business icon. Use as low-emphasis category markers or dashboard legends.,Avoid using as official kintone app icons unless provenance is confirmed.
RYO26-036,images/image135.png,56,56,3136,RGBA,flat round business icon,Small app/business icon. Use as low-emphasis category markers or dashboard legends.,Avoid using as official kintone app icons unless provenance is confirmed.
RYO26-037,images/image136.png,56,56,3136,RGBA,flat round business icon,Small app/business icon. Use as low-emphasis category markers or dashboard legends.,Avoid using as official kintone app icons unless provenance is confirmed.
RYO26-038,images/image137.png,56,56,3136,RGBA,flat round business icon,Small app/business icon. Use as low-emphasis category markers or dashboard legends.,Avoid using as official kintone app icons unless provenance is confirmed.
RYO26-039,images/image138.png,56,56,3136,RGBA,flat round business icon,Small app/business icon. Use as low-emphasis category markers or dashboard legends.,Avoid using as official kintone app icons unless provenance is confirmed.
RYO26-040,images/image139.png,56,56,3136,RGBA,flat round business icon,Small app/business icon. Use as low-emphasis category markers or dashboard legends.,Avoid using as official kintone app icons unless provenance is confirmed.
RYO26-041,images/image140.png,56,56,3136,RGBA,flat round business icon,Small app/business icon. Use as low-emphasis category markers or dashboard legends.,Avoid using as official kintone app icons unless provenance is confirmed.
RYO26-042,images/image141.png,56,56,3136,RGBA,flat round business icon,Small app/business icon. Use as low-emphasis category markers or dashboard legends.,Avoid using as official kintone app icons unless provenance is confirmed.
RYO26-043,images/image142.png,56,56,3136,RGBA,flat round business icon,Small app/business icon. Use as low-emphasis category markers or dashboard legends.,Avoid using as official kintone app icons unless provenance is confirmed.
RYO26-044,images/image143.png,56,56,3136,RGBA,flat round business icon,Small app/business icon. Use as low-emphasis category markers or dashboard legends.,Avoid using as official kintone app icons unless provenance is confirmed.
RYO26-045,images/image144.png,56,56,3136,RGBA,flat round business icon,Small app/business icon. Use as low-emphasis category markers or dashboard legends.,Avoid using as official kintone app icons unless provenance is confirmed.
RYO26-046,images/image145.png,56,56,3136,RGBA,flat round business icon,Small app/business icon. Use as low-emphasis category markers or dashboard legends.,Avoid using as official kintone app icons unless provenance is confirmed.
RYO26-047,images/image146.png,56,56,3136,RGBA,flat round business icon,Small app/business icon. Use as low-emphasis category markers or dashboard legends.,Avoid using as official kintone app icons unless provenance is confirmed.
RYO26-048,images/image147.png,56,56,3136,RGBA,flat round business icon,Small app/business icon. Use as low-emphasis category markers or dashboard legends.,Avoid using as official kintone app icons unless provenance is confirmed.
RYO26-049,images/image148.png,56,56,3136,RGBA,flat round business icon,Small app/business icon. Use as low-emphasis category markers or dashboard legends.,Avoid using as official kintone app icons unless provenance is confirmed.
RYO26-050,images/image149.png,56,56,3136,RGBA,flat round business icon,Small app/business icon. Use as low-emphasis category markers or dashboard legends.,Avoid using as official kintone app icons unless provenance is confirmed.
RYO26-051,images/image150.png,56,56,3136,RGBA,flat round business icon,Small app/business icon. Use as low-emphasis category markers or dashboard legends.,Avoid using as official kintone app icons unless provenance is confirmed.
RYO26-052,images/image151.png,56,56,3136,RGBA,flat round business icon,Small app/business icon. Use as low-emphasis category markers or dashboard legends.,Avoid using as official kintone app icons unless provenance is confirmed.
RYO26-053,images/image152.png,56,56,3136,RGBA,flat round business icon,Small app/business icon. Use as low-emphasis category markers or dashboard legends.,Avoid using as official kintone app icons unless provenance is confirmed.
RYO26-054,images/image153.png,56,56,3136,RGBA,flat round business icon,Small app/business icon. Use as low-emphasis category markers or dashboard legends.,Avoid using as official kintone app icons unless provenance is confirmed.
RYO26-055,images/image154.png,56,56,3136,RGBA,flat round business icon,Small app/business icon. Use as low-emphasis category markers or dashboard legends.,Avoid using as official kintone app icons unless provenance is confirmed.
RYO26-056,images/image155.png,56,56,3136,RGBA,flat round business icon,Small app/business icon. Use as low-emphasis category markers or dashboard legends.,Avoid using as official kintone app icons unless provenance is confirmed.
RYO26-057,images/image156.png,56,56,3136,RGBA,flat round business icon,Small app/business icon. Use as low-emphasis category markers or dashboard legends.,Avoid using as official kintone app icons unless provenance is confirmed.
RYO26-058,images/image157.png,56,56,3136,RGBA,flat round business icon,Small app/business icon. Use as low-emphasis category markers or dashboard legends.,Avoid using as official kintone app icons unless provenance is confirmed.
RYO26-059,images/image158.png,56,56,3136,RGBA,flat round business icon,Small app/business icon. Use as low-emphasis category markers or dashboard legends.,Avoid using as official kintone app icons unless provenance is confirmed.
RYO26-060,images/image159.png,56,56,3136,RGBA,flat round business icon,Small app/business icon. Use as low-emphasis category markers or dashboard legends.,Avoid using as official kintone app icons unless provenance is confirmed.
RYO26-061,images/image160.png,56,56,3136,RGBA,flat round business icon,Small app/business icon. Use as low-emphasis category markers or dashboard legends.,Avoid using as official kintone app icons unless provenance is confirmed.
RYO26-062,images/image161.png,56,56,3136,RGBA,flat round business icon,Small app/business icon. Use as low-emphasis category markers or dashboard legends.,Avoid using as official kintone app icons unless provenance is confirmed.
RYO26-063,images/image162.png,56,56,3136,RGBA,flat round business icon,Small app/business icon. Use as low-emphasis category markers or dashboard legends.,Avoid using as official kintone app icons unless provenance is confirmed.
RYO26-064,images/image163.png,56,56,3136,RGBA,flat round business icon,Small app/business icon. Use as low-emphasis category markers or dashboard legends.,Avoid using as official kintone app icons unless provenance is confirmed.
RYO26-065,images/image164.png,56,56,3136,RGBA,flat round business icon,Small app/business icon. Use as low-emphasis category markers or dashboard legends.,Avoid using as official kintone app icons unless provenance is confirmed.
RYO26-066,images/image165.png,56,56,3136,RGBA,flat round business icon,Small app/business icon. Use as low-emphasis category markers or dashboard legends.,Avoid using as official kintone app icons unless provenance is confirmed.
RYO26-067,images/image166.png,56,56,3136,RGBA,flat round business icon,Small app/business icon. Use as low-emphasis category markers or dashboard legends.,Avoid using as official kintone app icons unless provenance is confirmed.
RYO26-068,images/image167.png,56,56,3136,RGBA,flat round business icon,Small app/business icon. Use as low-emphasis category markers or dashboard legends.,Avoid using as official kintone app icons unless provenance is confirmed.
RYO26-069,images/image168.png,56,56,3136,RGBA,flat round business icon,Small app/business icon. Use as low-emphasis category markers or dashboard legends.,Avoid using as official kintone app icons unless provenance is confirmed.
RYO26-070,images/image169.png,56,56,3136,RGBA,flat round business icon,Small app/business icon. Use as low-emphasis category markers or dashboard legends.,Avoid using as official kintone app icons unless provenance is confirmed.
RYO26-071,images/image170.png,56,56,3136,RGBA,flat round business icon,Small app/business icon. Use as low-emphasis category markers or dashboard legends.,Avoid using as official kintone app icons unless provenance is confirmed.
RYO26-072,images/image171.png,56,56,3136,RGBA,flat round business icon,Small app/business icon. Use as low-emphasis category markers or dashboard legends.,Avoid using as official kintone app icons unless provenance is confirmed.
RYO26-073,images/image173.png,56,56,3136,RGBA,flat round business icon,Small app/business icon. Use as low-emphasis category markers or dashboard legends.,Avoid using as official kintone app icons unless provenance is confirmed.
RYO26-074,images/image174.png,56,56,3136,RGBA,flat round business icon,Small app/business icon. Use as low-emphasis category markers or dashboard legends.,Avoid using as official kintone app icons unless provenance is confirmed.
RYO26-075,images/image179.png,56,56,3136,RGBA,flat round business icon,Small app/business icon. Use as low-emphasis category markers or dashboard legends.,Avoid using as official kintone app icons unless provenance is confirmed.
RYO26-076,images/image180.png,56,56,3136,RGBA,flat round business icon,Small app/business icon. Use as low-emphasis category markers or dashboard legends.,Avoid using as official kintone app icons unless provenance is confirmed.
RYO26-077,images/image181.png,56,56,3136,RGBA,flat round business icon,Small app/business icon. Use as low-emphasis category markers or dashboard legends.,Avoid using as official kintone app icons unless provenance is confirmed.
RYO26-078,images/image184.png,56,56,3136,RGBA,flat round business icon,Small app/business icon. Use as low-emphasis category markers or dashboard legends.,Avoid using as official kintone app icons unless provenance is confirmed.
RYO26-079,images/image185.png,56,56,3136,RGBA,flat round business icon,Small app/business icon. Use as low-emphasis category markers or dashboard legends.,Avoid using as official kintone app icons unless provenance is confirmed.
RYO26-080,images/image186.png,56,56,3136,RGBA,flat round business icon,Small app/business icon. Use as low-emphasis category markers or dashboard legends.,Avoid using as official kintone app icons unless provenance is confirmed.
RYO26-081,images/image187.png,56,56,3136,RGBA,flat round business icon,Small app/business icon. Use as low-emphasis category markers or dashboard legends.,Avoid using as official kintone app icons unless provenance is confirmed.
RYO26-082,images/image188.png,56,56,3136,RGBA,flat round business icon,Small app/business icon. Use as low-emphasis category markers or dashboard legends.,Avoid using as official kintone app icons unless provenance is confirmed.
RYO26-083,images/image189.png,56,56,3136,RGBA,flat round business icon,Small app/business icon. Use as low-emphasis category markers or dashboard legends.,Avoid using as official kintone app icons unless provenance is confirmed.
RYO26-084,images/image190.png,56,56,3136,RGBA,flat round business icon,Small app/business icon. Use as low-emphasis category markers or dashboard legends.,Avoid using as official kintone app icons unless provenance is confirmed.
RYO26-085,images/image197.png,56,56,3136,RGBA,flat round business icon,Small app/business icon. Use as low-emphasis category markers or dashboard legends.,Avoid using as official kintone app icons unless provenance is confirmed.
RYO26-086,images/image23.png,56,56,3136,RGBA,flat round business icon,Small app/business icon. Use as low-emphasis category markers or dashboard legends.,Avoid using as official kintone app icons unless provenance is confirmed.
RYO26-087,images/image24.png,56,56,3136,RGBA,flat round business icon,Small app/business icon. Use as low-emphasis category markers or dashboard legends.,Avoid using as official kintone app icons unless provenance is confirmed.
RYO26-088,images/image25.png,56,56,3136,RGBA,flat round business icon,Small app/business icon. Use as low-emphasis category markers or dashboard legends.,Avoid using as official kintone app icons unless provenance is confirmed.
RYO26-089,images/image26.png,56,56,3136,RGBA,flat round business icon,Small app/business icon. Use as low-emphasis category markers or dashboard legends.,Avoid using as official kintone app icons unless provenance is confirmed.
RYO26-090,images/image27.png,56,56,3136,RGBA,flat round business icon,Small app/business icon. Use as low-emphasis category markers or dashboard legends.,Avoid using as official kintone app icons unless provenance is confirmed.
RYO26-091,images/image28.png,56,56,3136,RGBA,flat round business icon,Small app/business icon. Use as low-emphasis category markers or dashboard legends.,Avoid using as official kintone app icons unless provenance is confirmed.
RYO26-092,images/image29.png,56,56,3136,RGBA,flat round business icon,Small app/business icon. Use as low-emphasis category markers or dashboard legends.,Avoid using as official kintone app icons unless provenance is confirmed.
RYO26-093,images/image30.png,56,56,3136,RGBA,flat round business icon,Small app/business icon. Use as low-emphasis category markers or dashboard legends.,Avoid using as official kintone app icons unless provenance is confirmed.
RYO26-094,images/image31.png,56,56,3136,RGBA,flat round business icon,Small app/business icon. Use as low-emphasis category markers or dashboard legends.,Avoid using as official kintone app icons unless provenance is confirmed.
RYO26-095,images/image32.png,56,56,3136,RGBA,flat round business icon,Small app/business icon. Use as low-emphasis category markers or dashboard legends.,Avoid using as official kintone app icons unless provenance is confirmed.
RYO26-096,images/image33.png,56,56,3136,RGBA,flat round business icon,Small app/business icon. Use as low-emphasis category markers or dashboard legends.,Avoid using as official kintone app icons unless provenance is confirmed.
RYO26-097,images/image34.png,56,56,3136,RGBA,flat round business icon,Small app/business icon. Use as low-emphasis category markers or dashboard legends.,Avoid using as official kintone app icons unless provenance is confirmed.
RYO26-098,images/image35.png,56,56,3136,RGBA,flat round business icon,Small app/business icon. Use as low-emphasis category markers or dashboard legends.,Avoid using as official kintone app icons unless provenance is confirmed.
RYO26-099,images/image36.png,56,56,3136,RGBA,flat round business icon,Small app/business icon. Use as low-emphasis category markers or dashboard legends.,Avoid using as official kintone app icons unless provenance is confirmed.
RYO26-100,images/image37.png,56,56,3136,RGBA,flat round business icon,Small app/business icon. Use as low-emphasis category markers or dashboard legends.,Avoid using as official kintone app icons unless provenance is confirmed.
RYO26-101,images/image38.png,56,56,3136,RGBA,flat round business icon,Small app/business icon. Use as low-emphasis category markers or dashboard legends.,Avoid using as official kintone app icons unless provenance is confirmed.
RYO26-102,images/image39.png,56,56,3136,RGBA,flat round business icon,Small app/business icon. Use as low-emphasis category markers or dashboard legends.,Avoid using as official kintone app icons unless provenance is confirmed.
RYO26-103,images/image40.png,56,56,3136,RGBA,flat round business icon,Small app/business icon. Use as low-emphasis category markers or dashboard legends.,Avoid using as official kintone app icons unless provenance is confirmed.
RYO26-104,images/image41.png,56,56,3136,RGBA,flat round business icon,Small app/business icon. Use as low-emphasis category markers or dashboard legends.,Avoid using as official kintone app icons unless provenance is confirmed.
RYO26-105,images/image42.png,56,56,3136,RGBA,flat round business icon,Small app/business icon. Use as low-emphasis category markers or dashboard legends.,Avoid using as official kintone app icons unless provenance is confirmed.
RYO26-106,images/image43.png,56,56,3136,RGBA,flat round business icon,Small app/business icon. Use as low-emphasis category markers or dashboard legends.,Avoid using as official kintone app icons unless provenance is confirmed.
RYO26-107,images/image44.png,56,56,3136,RGBA,flat round business icon,Small app/business icon. Use as low-emphasis category markers or dashboard legends.,Avoid using as official kintone app icons unless provenance is confirmed.
RYO26-108,images/image45.png,56,56,3136,RGBA,flat round business icon,Small app/business icon. Use as low-emphasis category markers or dashboard legends.,Avoid using as official kintone app icons unless provenance is confirmed.
RYO26-109,images/image46.png,56,56,3136,RGBA,flat round business icon,Small app/business icon. Use as low-emphasis category markers or dashboard legends.,Avoid using as official kintone app icons unless provenance is confirmed.
RYO26-110,images/image47.png,56,56,3136,RGBA,flat round business icon,Small app/business icon. Use as low-emphasis category markers or dashboard legends.,Avoid using as official kintone app icons unless provenance is confirmed.
RYO26-111,images/image48.png,56,56,3136,RGBA,flat round business icon,Small app/business icon. Use as low-emphasis category markers or dashboard legends.,Avoid using as official kintone app icons unless provenance is confirmed.
RYO26-112,images/image49.png,56,56,3136,RGBA,flat round business icon,Small app/business icon. Use as low-emphasis category markers or dashboard legends.,Avoid using as official kintone app icons unless provenance is confirmed.
RYO26-113,images/image50.png,56,56,3136,RGBA,flat round business icon,Small app/business icon. Use as low-emphasis category markers or dashboard legends.,Avoid using as official kintone app icons unless provenance is confirmed.
RYO26-114,images/image51.png,56,56,3136,RGBA,flat round business icon,Small app/business icon. Use as low-emphasis category markers or dashboard legends.,Avoid using as official kintone app icons unless provenance is confirmed.
RYO26-115,images/image52.png,56,56,3136,RGBA,flat round business icon,Small app/business icon. Use as low-emphasis category markers or dashboard legends.,Avoid using as official kintone app icons unless provenance is confirmed.
RYO26-116,images/image53.png,56,56,3136,RGBA,flat round business icon,Small app/business icon. Use as low-emphasis category markers or dashboard legends.,Avoid using as official kintone app icons unless provenance is confirmed.
RYO26-117,images/image54.png,56,56,3136,RGBA,flat round business icon,Small app/business icon. Use as low-emphasis category markers or dashboard legends.,Avoid using as official kintone app icons unless provenance is confirmed.
RYO26-118,images/image55.png,56,56,3136,RGBA,flat round business icon,Small app/business icon. Use as low-emphasis category markers or dashboard legends.,Avoid using as official kintone app icons unless provenance is confirmed.
RYO26-119,images/image56.png,56,56,3136,RGBA,flat round business icon,Small app/business icon. Use as low-emphasis category markers or dashboard legends.,Avoid using as official kintone app icons unless provenance is confirmed.
RYO26-120,images/image57.png,56,56,3136,RGBA,flat round business icon,Small app/business icon. Use as low-emphasis category markers or dashboard legends.,Avoid using as official kintone app icons unless provenance is confirmed.
RYO26-121,images/image58.png,56,56,3136,RGBA,flat round business icon,Small app/business icon. Use as low-emphasis category markers or dashboard legends.,Avoid using as official kintone app icons unless provenance is confirmed.
RYO26-122,images/image59.png,56,56,3136,RGBA,flat round business icon,Small app/business icon. Use as low-emphasis category markers or dashboard legends.,Avoid using as official kintone app icons unless provenance is confirmed.
RYO26-123,images/image60.png,56,56,3136,RGBA,flat round business icon,Small app/business icon. Use as low-emphasis category markers or dashboard legends.,Avoid using as official kintone app icons unless provenance is confirmed.
RYO26-124,images/image61.png,56,56,3136,RGBA,flat round business icon,Small app/business icon. Use as low-emphasis category markers or dashboard legends.,Avoid using as official kintone app icons unless provenance is confirmed.
RYO26-125,images/image62.png,56,56,3136,RGBA,flat round business icon,Small app/business icon. Use as low-emphasis category markers or dashboard legends.,Avoid using as official kintone app icons unless provenance is confirmed.
RYO26-126,images/image63.png,56,56,3136,RGBA,flat round business icon,Small app/business icon. Use as low-emphasis category markers or dashboard legends.,Avoid using as official kintone app icons unless provenance is confirmed.
RYO26-127,images/image64.png,56,56,3136,RGBA,flat round business icon,Small app/business icon. Use as low-emphasis category markers or dashboard legends.,Avoid using as official kintone app icons unless provenance is confirmed.
RYO26-128,images/image65.png,56,56,3136,RGBA,flat round business icon,Small app/business icon. Use as low-emphasis category markers or dashboard legends.,Avoid using as official kintone app icons unless provenance is confirmed.
RYO26-129,images/image66.png,56,56,3136,RGBA,flat round business icon,Small app/business icon. Use as low-emphasis category markers or dashboard legends.,Avoid using as official kintone app icons unless provenance is confirmed.
RYO26-130,images/image67.png,56,56,3136,RGBA,flat round business icon,Small app/business icon. Use as low-emphasis category markers or dashboard legends.,Avoid using as official kintone app icons unless provenance is confirmed.
RYO26-131,images/image70.png,56,56,3136,RGBA,flat round business icon,Small app/business icon. Use as low-emphasis category markers or dashboard legends.,Avoid using as official kintone app icons unless provenance is confirmed.
RYO26-132,images/image71.png,56,56,3136,RGBA,flat round business icon,Small app/business icon. Use as low-emphasis category markers or dashboard legends.,Avoid using as official kintone app icons unless provenance is confirmed.
RYO26-133,images/image72.png,56,56,3136,RGBA,flat round business icon,Small app/business icon. Use as low-emphasis category markers or dashboard legends.,Avoid using as official kintone app icons unless provenance is confirmed.
RYO26-134,images/image74.png,56,56,3136,RGBA,flat round business icon,Small app/business icon. Use as low-emphasis category markers or dashboard legends.,Avoid using as official kintone app icons unless provenance is confirmed.
RYO26-135,images/image75.png,56,56,3136,RGBA,flat round business icon,Small app/business icon. Use as low-emphasis category markers or dashboard legends.,Avoid using as official kintone app icons unless provenance is confirmed.
RYO26-136,images/image76.png,56,56,3136,RGBA,flat round business icon,Small app/business icon. Use as low-emphasis category markers or dashboard legends.,Avoid using as official kintone app icons unless provenance is confirmed.
RYO26-137,images/image77.png,56,56,3136,RGBA,flat round business icon,Small app/business icon. Use as low-emphasis category markers or dashboard legends.,Avoid using as official kintone app icons unless provenance is confirmed.
RYO26-138,images/image78.png,56,56,3136,RGBA,flat round business icon,Small app/business icon. Use as low-emphasis category markers or dashboard legends.,Avoid using as official kintone app icons unless provenance is confirmed.
RYO26-139,images/image79.png,56,56,3136,RGBA,flat round business icon,Small app/business icon. Use as low-emphasis category markers or dashboard legends.,Avoid using as official kintone app icons unless provenance is confirmed.
RYO26-140,images/image80.png,56,56,3136,RGBA,flat round business icon,Small app/business icon. Use as low-emphasis category markers or dashboard legends.,Avoid using as official kintone app icons unless provenance is confirmed.
RYO26-141,images/image81.png,56,56,3136,RGBA,flat round business icon,Small app/business icon. Use as low-emphasis category markers or dashboard legends.,Avoid using as official kintone app icons unless provenance is confirmed.
RYO26-142,images/image84.png,56,56,3136,RGBA,flat round business icon,Small app/business icon. Use as low-emphasis category markers or dashboard legends.,Avoid using as official kintone app icons unless provenance is confirmed.
RYO26-143,images/image85.png,56,56,3136,RGBA,flat round business icon,Small app/business icon. Use as low-emphasis category markers or dashboard legends.,Avoid using as official kintone app icons unless provenance is confirmed.
RYO26-144,images/image86.png,56,56,3136,RGBA,flat round business icon,Small app/business icon. Use as low-emphasis category markers or dashboard legends.,Avoid using as official kintone app icons unless provenance is confirmed.
RYO26-145,images/image87.png,56,56,3136,RGBA,flat round business icon,Small app/business icon. Use as low-emphasis category markers or dashboard legends.,Avoid using as official kintone app icons unless provenance is confirmed.
RYO26-146,images/image88.png,56,56,3136,RGBA,flat round business icon,Small app/business icon. Use as low-emphasis category markers or dashboard legends.,Avoid using as official kintone app icons unless provenance is confirmed.
RYO26-147,images/image89.png,56,56,3136,RGBA,flat round business icon,Small app/business icon. Use as low-emphasis category markers or dashboard legends.,Avoid using as official kintone app icons unless provenance is confirmed.
RYO26-148,images/image90.png,56,56,3136,RGBA,flat round business icon,Small app/business icon. Use as low-emphasis category markers or dashboard legends.,Avoid using as official kintone app icons unless provenance is confirmed.
RYO26-149,images/image91.png,56,56,3136,RGBA,flat round business icon,Small app/business icon. Use as low-emphasis category markers or dashboard legends.,Avoid using as official kintone app icons unless provenance is confirmed.
RYO26-150,images/image92.png,56,56,3136,RGBA,flat round business icon,Small app/business icon. Use as low-emphasis category markers or dashboard legends.,Avoid using as official kintone app icons unless provenance is confirmed.
RYO26-151,images/image93.png,56,56,3136,RGBA,flat round business icon,Small app/business icon. Use as low-emphasis category markers or dashboard legends.,Avoid using as official kintone app icons unless provenance is confirmed.
RYO26-152,images/image94.png,56,56,3136,RGBA,flat round business icon,Small app/business icon. Use as low-emphasis category markers or dashboard legends.,Avoid using as official kintone app icons unless provenance is confirmed.
RYO26-153,images/image95.png,56,56,3136,RGBA,flat round business icon,Small app/business icon. Use as low-emphasis category markers or dashboard legends.,Avoid using as official kintone app icons unless provenance is confirmed.
RYO26-154,images/image96.png,56,56,3136,RGBA,flat round business icon,Small app/business icon. Use as low-emphasis category markers or dashboard legends.,Avoid using as official kintone app icons unless provenance is confirmed.
RYO26-155,images/image97.png,56,56,3136,RGBA,flat round business icon,Small app/business icon. Use as low-emphasis category markers or dashboard legends.,Avoid using as official kintone app icons unless provenance is confirmed.
RYO26-156,images/image98.png,56,56,3136,RGBA,flat round business icon,Small app/business icon. Use as low-emphasis category markers or dashboard legends.,Avoid using as official kintone app icons unless provenance is confirmed.
RYO26-157,images/image99.png,56,56,3136,RGBA,flat round business icon,Small app/business icon. Use as low-emphasis category markers or dashboard legends.,Avoid using as official kintone app icons unless provenance is confirmed.
RYO26-158,images/image68.png,57,56,3192,RGBA,small pictogram/icon,"Compact icon or symbol. Use in bullet clusters, process steps, or small labels.",Too small for hero visuals; keep within one icon family per slide.
RYO26-159,images/image69.png,57,56,3192,RGBA,small pictogram/icon,"Compact icon or symbol. Use in bullet clusters, process steps, or small labels.",Too small for hero visuals; keep within one icon family per slide.
RYO26-160,images/image73.png,56,57,3192,RGBA,small pictogram/icon,"Compact icon or symbol. Use in bullet clusters, process steps, or small labels.",Too small for hero visuals; keep within one icon family per slide.
RYO26-161,images/image198.png,57,57,3249,RGBA,small pictogram/icon,"Compact icon or symbol. Use in bullet clusters, process steps, or small labels.",Too small for hero visuals; keep within one icon family per slide.
RYO26-162,images/image199.png,57,57,3249,RGBA,small pictogram/icon,"Compact icon or symbol. Use in bullet clusters, process steps, or small labels.",Too small for hero visuals; keep within one icon family per slide.
RYO26-163,images/image200.png,57,57,3249,RGBA,small pictogram/icon,"Compact icon or symbol. Use in bullet clusters, process steps, or small labels.",Too small for hero visuals; keep within one icon family per slide.
RYO26-164,images/image201.png,57,57,3249,RGBA,small pictogram/icon,"Compact icon or symbol. Use in bullet clusters, process steps, or small labels.",Too small for hero visuals; keep within one icon family per slide.
RYO26-165,images/image202.png,57,57,3249,RGBA,small pictogram/icon,"Compact icon or symbol. Use in bullet clusters, process steps, or small labels.",Too small for hero visuals; keep within one icon family per slide.
RYO26-166,images/image203.png,57,57,3249,RGBA,small pictogram/icon,"Compact icon or symbol. Use in bullet clusters, process steps, or small labels.",Too small for hero visuals; keep within one icon family per slide.
RYO26-167,images/image204.png,57,57,3249,RGBA,small pictogram/icon,"Compact icon or symbol. Use in bullet clusters, process steps, or small labels.",Too small for hero visuals; keep within one icon family per slide.
RYO26-168,images/image205.png,57,57,3249,RGBA,small pictogram/icon,"Compact icon or symbol. Use in bullet clusters, process steps, or small labels.",Too small for hero visuals; keep within one icon family per slide.
RYO26-169,images/image206.png,57,57,3249,RGBA,small pictogram/icon,"Compact icon or symbol. Use in bullet clusters, process steps, or small labels.",Too small for hero visuals; keep within one icon family per slide.
RYO26-170,images/image207.png,57,57,3249,RGBA,small pictogram/icon,"Compact icon or symbol. Use in bullet clusters, process steps, or small labels.",Too small for hero visuals; keep within one icon family per slide.
RYO26-171,images/image208.png,57,57,3249,RGBA,small pictogram/icon,"Compact icon or symbol. Use in bullet clusters, process steps, or small labels.",Too small for hero visuals; keep within one icon family per slide.
RYO26-172,images/image209.png,57,57,3249,RGBA,small pictogram/icon,"Compact icon or symbol. Use in bullet clusters, process steps, or small labels.",Too small for hero visuals; keep within one icon family per slide.
RYO26-173,images/image210.png,57,57,3249,RGBA,small pictogram/icon,"Compact icon or symbol. Use in bullet clusters, process steps, or small labels.",Too small for hero visuals; keep within one icon family per slide.
RYO26-174,images/image211.png,57,57,3249,RGBA,small pictogram/icon,"Compact icon or symbol. Use in bullet clusters, process steps, or small labels.",Too small for hero visuals; keep within one icon family per slide.
RYO26-175,images/image212.png,57,57,3249,RGBA,small pictogram/icon,"Compact icon or symbol. Use in bullet clusters, process steps, or small labels.",Too small for hero visuals; keep within one icon family per slide.
RYO26-176,images/image213.png,57,57,3249,RGBA,small pictogram/icon,"Compact icon or symbol. Use in bullet clusters, process steps, or small labels.",Too small for hero visuals; keep within one icon family per slide.
RYO26-177,images/image214.png,57,57,3249,RGBA,small pictogram/icon,"Compact icon or symbol. Use in bullet clusters, process steps, or small labels.",Too small for hero visuals; keep within one icon family per slide.
RYO26-178,images/image215.png,57,57,3249,RGBA,small pictogram/icon,"Compact icon or symbol. Use in bullet clusters, process steps, or small labels.",Too small for hero visuals; keep within one icon family per slide.
RYO26-179,images/image216.png,57,57,3249,RGBA,small pictogram/icon,"Compact icon or symbol. Use in bullet clusters, process steps, or small labels.",Too small for hero visuals; keep within one icon family per slide.
RYO26-180,images/image217.png,57,57,3249,RGBA,small pictogram/icon,"Compact icon or symbol. Use in bullet clusters, process steps, or small labels.",Too small for hero visuals; keep within one icon family per slide.
RYO26-181,images/image82.png,57,57,3249,RGBA,small pictogram/icon,"Compact icon or symbol. Use in bullet clusters, process steps, or small labels.",Too small for hero visuals; keep within one icon family per slide.
RYO26-182,images/image83.png,57,57,3249,RGBA,small pictogram/icon,"Compact icon or symbol. Use in bullet clusters, process steps, or small labels.",Too small for hero visuals; keep within one icon family per slide.
RYO26-183,images/image178.png,117,117,13689,RGBA,small pictogram/icon,"Compact icon or symbol. Use in bullet clusters, process steps, or small labels.",Too small for hero visuals; keep within one icon family per slide.
RYO26-184,images/image182.png,117,117,13689,RGBA,small pictogram/icon,"Compact icon or symbol. Use in bullet clusters, process steps, or small labels.",Too small for hero visuals; keep within one icon family per slide.
RYO26-185,images/image183.png,117,117,13689,RGBA,small pictogram/icon,"Compact icon or symbol. Use in bullet clusters, process steps, or small labels.",Too small for hero visuals; keep within one icon family per slide.
RYO26-186,images/image196.png,117,117,13689,RGBA,small pictogram/icon,"Compact icon or symbol. Use in bullet clusters, process steps, or small labels.",Too small for hero visuals; keep within one icon family per slide.
RYO26-187,images/image231.png,136,171,23256,RGBA,mid-size icon/character cutout,"Reusable standalone visual element. Use in cards, callouts, workflow nodes, or role labels.",Do not stretch; preserve aspect ratio and transparent edge.
RYO26-188,images/image237.png,128,194,24832,RGBA,mid-size icon/character cutout,"Reusable standalone visual element. Use in cards, callouts, workflow nodes, or role labels.",Do not stretch; preserve aspect ratio and transparent edge.
RYO26-189,images/image380.png,180,180,32400,RGBA,mid-size icon/character cutout,"Reusable standalone visual element. Use in cards, callouts, workflow nodes, or role labels.",Do not stretch; preserve aspect ratio and transparent edge.
RYO26-190,images/image394.png,180,180,32400,RGBA,mid-size icon/character cutout,"Reusable standalone visual element. Use in cards, callouts, workflow nodes, or role labels.",Do not stretch; preserve aspect ratio and transparent edge.
RYO26-191,images/image395.png,180,180,32400,RGBA,mid-size icon/character cutout,"Reusable standalone visual element. Use in cards, callouts, workflow nodes, or role labels.",Do not stretch; preserve aspect ratio and transparent edge.
RYO26-192,images/image396.png,180,180,32400,RGBA,mid-size icon/character cutout,"Reusable standalone visual element. Use in cards, callouts, workflow nodes, or role labels.",Do not stretch; preserve aspect ratio and transparent edge.
RYO26-193,images/image397.png,180,180,32400,RGBA,mid-size icon/character cutout,"Reusable standalone visual element. Use in cards, callouts, workflow nodes, or role labels.",Do not stretch; preserve aspect ratio and transparent edge.
RYO26-194,images/image398.png,180,180,32400,RGBA,mid-size icon/character cutout,"Reusable standalone visual element. Use in cards, callouts, workflow nodes, or role labels.",Do not stretch; preserve aspect ratio and transparent edge.
RYO26-195,images/image399.png,180,180,32400,RGBA,mid-size icon/character cutout,"Reusable standalone visual element. Use in cards, callouts, workflow nodes, or role labels.",Do not stretch; preserve aspect ratio and transparent edge.
RYO26-196,images/image400.png,180,180,32400,RGBA,mid-size icon/character cutout,"Reusable standalone visual element. Use in cards, callouts, workflow nodes, or role labels.",Do not stretch; preserve aspect ratio and transparent edge.
RYO26-197,images/image402.png,180,180,32400,RGBA,mid-size icon/character cutout,"Reusable standalone visual element. Use in cards, callouts, workflow nodes, or role labels.",Do not stretch; preserve aspect ratio and transparent edge.
RYO26-198,images/image403.png,180,180,32400,RGBA,mid-size icon/character cutout,"Reusable standalone visual element. Use in cards, callouts, workflow nodes, or role labels.",Do not stretch; preserve aspect ratio and transparent edge.
RYO26-199,images/image405.png,180,180,32400,RGBA,mid-size icon/character cutout,"Reusable standalone visual element. Use in cards, callouts, workflow nodes, or role labels.",Do not stretch; preserve aspect ratio and transparent edge.
RYO26-200,images/image406.png,180,180,32400,RGBA,mid-size icon/character cutout,"Reusable standalone visual element. Use in cards, callouts, workflow nodes, or role labels.",Do not stretch; preserve aspect ratio and transparent edge.
RYO26-201,images/image410.png,180,180,32400,RGBA,mid-size icon/character cutout,"Reusable standalone visual element. Use in cards, callouts, workflow nodes, or role labels.",Do not stretch; preserve aspect ratio and transparent edge.
RYO26-202,images/image411.png,180,180,32400,RGBA,mid-size icon/character cutout,"Reusable standalone visual element. Use in cards, callouts, workflow nodes, or role labels.",Do not stretch; preserve aspect ratio and transparent edge.
RYO26-203,images/image412.png,180,180,32400,RGBA,mid-size icon/character cutout,"Reusable standalone visual element. Use in cards, callouts, workflow nodes, or role labels.",Do not stretch; preserve aspect ratio and transparent edge.
RYO26-204,images/image413.png,180,180,32400,RGBA,mid-size icon/character cutout,"Reusable standalone visual element. Use in cards, callouts, workflow nodes, or role labels.",Do not stretch; preserve aspect ratio and transparent edge.
RYO26-205,images/image414.png,180,180,32400,RGBA,mid-size icon/character cutout,"Reusable standalone visual element. Use in cards, callouts, workflow nodes, or role labels.",Do not stretch; preserve aspect ratio and transparent edge.
RYO26-206,images/image389.png,190,188,35720,RGBA,mid-size icon/character cutout,"Reusable standalone visual element. Use in cards, callouts, workflow nodes, or role labels.",Do not stretch; preserve aspect ratio and transparent edge.
RYO26-207,images/image384.png,158,229,36182,RGBA,mid-size icon/character cutout,"Reusable standalone visual element. Use in cards, callouts, workflow nodes, or role labels.",Do not stretch; preserve aspect ratio and transparent edge.
RYO26-208,images/image401.png,199,254,50546,RGB,mid-size icon/character cutout,"Reusable standalone visual element. Use in cards, callouts, workflow nodes, or role labels.",Do not stretch; preserve aspect ratio and transparent edge.
RYO26-209,images/image232.png,196,271,53116,RGBA,mid-size icon/character cutout,"Reusable standalone visual element. Use in cards, callouts, workflow nodes, or role labels.",Do not stretch; preserve aspect ratio and transparent edge.
RYO26-210,images/image172.png,234,234,54756,RGBA,mid-size icon/character cutout,"Reusable standalone visual element. Use in cards, callouts, workflow nodes, or role labels.",Do not stretch; preserve aspect ratio and transparent edge.
RYO26-211,images/image175.png,234,234,54756,RGBA,mid-size icon/character cutout,"Reusable standalone visual element. Use in cards, callouts, workflow nodes, or role labels.",Do not stretch; preserve aspect ratio and transparent edge.
RYO26-212,images/image176.png,234,234,54756,RGBA,mid-size icon/character cutout,"Reusable standalone visual element. Use in cards, callouts, workflow nodes, or role labels.",Do not stretch; preserve aspect ratio and transparent edge.
RYO26-213,images/image177.png,234,234,54756,RGBA,mid-size icon/character cutout,"Reusable standalone visual element. Use in cards, callouts, workflow nodes, or role labels.",Do not stretch; preserve aspect ratio and transparent edge.
RYO26-214,images/image19.png,455,126,57330,RGBA,illustration cutout or scene fragment,"Medium illustration/character/scenario asset. Use as supporting visual in problem, role, workflow, or help scenes.",Check crop and style before mixing with other character families.
RYO26-215,images/image382.png,219,280,61320,RGBA,mid-size icon/character cutout,"Reusable standalone visual element. Use in cards, callouts, workflow nodes, or role labels.",Do not stretch; preserve aspect ratio and transparent edge.
RYO26-216,images/image404.png,219,280,61320,RGBA,mid-size icon/character cutout,"Reusable standalone visual element. Use in cards, callouts, workflow nodes, or role labels.",Do not stretch; preserve aspect ratio and transparent edge.
RYO26-217,images/image236.png,348,204,70992,RGBA,mid-size icon/character cutout,"Reusable standalone visual element. Use in cards, callouts, workflow nodes, or role labels.",Do not stretch; preserve aspect ratio and transparent edge.
RYO26-218,images/image235.png,292,261,76212,RGBA,mid-size icon/character cutout,"Reusable standalone visual element. Use in cards, callouts, workflow nodes, or role labels.",Do not stretch; preserve aspect ratio and transparent edge.
RYO26-219,images/image390.png,209,376,78584,RGBA,illustration cutout or scene fragment,"Medium illustration/character/scenario asset. Use as supporting visual in problem, role, workflow, or help scenes.",Check crop and style before mixing with other character families.
RYO26-220,images/image387.png,241,350,84350,RGBA,mid-size icon/character cutout,"Reusable standalone visual element. Use in cards, callouts, workflow nodes, or role labels.",Do not stretch; preserve aspect ratio and transparent edge.
RYO26-221,images/image233.png,398,220,87560,RGBA,mid-size icon/character cutout,"Reusable standalone visual element. Use in cards, callouts, workflow nodes, or role labels.",Do not stretch; preserve aspect ratio and transparent edge.
RYO26-222,images/image381.png,262,400,104800,RGBA,illustration cutout or scene fragment,"Medium illustration/character/scenario asset. Use as supporting visual in problem, role, workflow, or help scenes.",Check crop and style before mixing with other character families.
RYO26-223,images/image377.png,344,318,109392,RGBA,mid-size icon/character cutout,"Reusable standalone visual element. Use in cards, callouts, workflow nodes, or role labels.",Do not stretch; preserve aspect ratio and transparent edge.
RYO26-224,images/image383.png,284,400,113600,RGBA,illustration cutout or scene fragment,"Medium illustration/character/scenario asset. Use as supporting visual in problem, role, workflow, or help scenes.",Check crop and style before mixing with other character families.
RYO26-225,images/image407.png,265,450,119250,RGBA,illustration cutout or scene fragment,"Medium illustration/character/scenario asset. Use as supporting visual in problem, role, workflow, or help scenes.",Check crop and style before mixing with other character families.
RYO26-226,images/image379.png,323,400,129200,RGBA,illustration cutout or scene fragment,"Medium illustration/character/scenario asset. Use as supporting visual in problem, role, workflow, or help scenes.",Check crop and style before mixing with other character families.
RYO26-227,images/image376.png,325,400,130000,RGBA,illustration cutout or scene fragment,"Medium illustration/character/scenario asset. Use as supporting visual in problem, role, workflow, or help scenes.",Check crop and style before mixing with other character families.
RYO26-228,images/image16.png,850,160,136000,RGBA,illustration cutout or scene fragment,"Medium illustration/character/scenario asset. Use as supporting visual in problem, role, workflow, or help scenes.",Check crop and style before mixing with other character families.
RYO26-229,images/image18.png,850,160,136000,RGBA,illustration cutout or scene fragment,"Medium illustration/character/scenario asset. Use as supporting visual in problem, role, workflow, or help scenes.",Check crop and style before mixing with other character families.
RYO26-230,images/image375.png,400,344,137600,RGBA,mid-size icon/character cutout,"Reusable standalone visual element. Use in cards, callouts, workflow nodes, or role labels.",Do not stretch; preserve aspect ratio and transparent edge.
RYO26-231,images/image408.png,348,400,139200,RGBA,illustration cutout or scene fragment,"Medium illustration/character/scenario asset. Use as supporting visual in problem, role, workflow, or help scenes.",Check crop and style before mixing with other character families.
RYO26-232,images/image386.png,315,450,141750,RGBA,illustration cutout or scene fragment,"Medium illustration/character/scenario asset. Use as supporting visual in problem, role, workflow, or help scenes.",Check crop and style before mixing with other character families.
RYO26-233,images/image409.png,368,400,147200,RGBA,illustration cutout or scene fragment,"Medium illustration/character/scenario asset. Use as supporting visual in problem, role, workflow, or help scenes.",Check crop and style before mixing with other character families.
RYO26-234,images/image378.png,400,374,149600,RGBA,illustration cutout or scene fragment,"Medium illustration/character/scenario asset. Use as supporting visual in problem, role, workflow, or help scenes.",Check crop and style before mixing with other character families.
RYO26-235,images/image374.png,400,400,160000,RGBA,illustration cutout or scene fragment,"Medium illustration/character/scenario asset. Use as supporting visual in problem, role, workflow, or help scenes.",Check crop and style before mixing with other character families.
RYO26-236,images/image391.png,400,400,160000,RGBA,illustration cutout or scene fragment,"Medium illustration/character/scenario asset. Use as supporting visual in problem, role, workflow, or help scenes.",Check crop and style before mixing with other character families.
RYO26-237,images/image393.png,450,375,168750,RGBA,illustration cutout or scene fragment,"Medium illustration/character/scenario asset. Use as supporting visual in problem, role, workflow, or help scenes.",Check crop and style before mixing with other character families.
RYO26-238,images/image2.png,751,225,168975,RGBA,illustration cutout or scene fragment,"Medium illustration/character/scenario asset. Use as supporting visual in problem, role, workflow, or help scenes.",Check crop and style before mixing with other character families.
RYO26-239,images/image4.png,751,225,168975,RGBA,illustration cutout or scene fragment,"Medium illustration/character/scenario asset. Use as supporting visual in problem, role, workflow, or help scenes.",Check crop and style before mixing with other character families.
RYO26-240,images/image6.png,751,225,168975,RGBA,illustration cutout or scene fragment,"Medium illustration/character/scenario asset. Use as supporting visual in problem, role, workflow, or help scenes.",Check crop and style before mixing with other character families.
RYO26-241,images/image21.png,437,390,170430,RGBA,illustration cutout or scene fragment,"Medium illustration/character/scenario asset. Use as supporting visual in problem, role, workflow, or help scenes.",Check crop and style before mixing with other character families.
RYO26-242,images/image10.png,777,225,174825,RGBA,illustration cutout or scene fragment,"Medium illustration/character/scenario asset. Use as supporting visual in problem, role, workflow, or help scenes.",Check crop and style before mixing with other character families.
RYO26-243,images/image12.png,777,225,174825,RGBA,illustration cutout or scene fragment,"Medium illustration/character/scenario asset. Use as supporting visual in problem, role, workflow, or help scenes.",Check crop and style before mixing with other character families.
RYO26-244,images/image11.png,777,226,175602,RGBA,illustration cutout or scene fragment,"Medium illustration/character/scenario asset. Use as supporting visual in problem, role, workflow, or help scenes.",Check crop and style before mixing with other character families.
RYO26-245,images/image230.png,440,407,179080,RGBA,illustration cutout or scene fragment,"Medium illustration/character/scenario asset. Use as supporting visual in problem, role, workflow, or help scenes.",Check crop and style before mixing with other character families.
RYO26-246,images/image220.png,570,342,194940,RGBA,illustration cutout or scene fragment,"Medium illustration/character/scenario asset. Use as supporting visual in problem, role, workflow, or help scenes.",Check crop and style before mixing with other character families.
RYO26-247,images/image7.png,508,457,232156,RGBA,illustration cutout or scene fragment,"Medium illustration/character/scenario asset. Use as supporting visual in problem, role, workflow, or help scenes.",Check crop and style before mixing with other character families.
RYO26-248,images/image9.png,508,457,232156,RGBA,illustration cutout or scene fragment,"Medium illustration/character/scenario asset. Use as supporting visual in problem, role, workflow, or help scenes.",Check crop and style before mixing with other character families.
RYO26-249,images/image8.png,508,458,232664,RGBA,illustration cutout or scene fragment,"Medium illustration/character/scenario asset. Use as supporting visual in problem, role, workflow, or help scenes.",Check crop and style before mixing with other character families.
RYO26-250,images/image1.png,517,457,236269,RGBA,illustration cutout or scene fragment,"Medium illustration/character/scenario asset. Use as supporting visual in problem, role, workflow, or help scenes.",Check crop and style before mixing with other character families.
RYO26-251,images/image3.png,517,457,236269,RGBA,illustration cutout or scene fragment,"Medium illustration/character/scenario asset. Use as supporting visual in problem, role, workflow, or help scenes.",Check crop and style before mixing with other character families.
RYO26-252,images/image5.png,517,457,236269,RGBA,illustration cutout or scene fragment,"Medium illustration/character/scenario asset. Use as supporting visual in problem, role, workflow, or help scenes.",Check crop and style before mixing with other character families.
RYO26-253,images/image17.png,584,411,240024,RGBA,illustration cutout or scene fragment,"Medium illustration/character/scenario asset. Use as supporting visual in problem, role, workflow, or help scenes.",Check crop and style before mixing with other character families.
RYO26-254,images/image223.png,357,685,244545,RGBA,illustration cutout or scene fragment,"Medium illustration/character/scenario asset. Use as supporting visual in problem, role, workflow, or help scenes.",Check crop and style before mixing with other character families.
RYO26-255,images/image22.png,500,500,250000,RGBA,illustration cutout or scene fragment,"Medium illustration/character/scenario asset. Use as supporting visual in problem, role, workflow, or help scenes.",Check crop and style before mixing with other character families.
RYO26-256,images/image14.png,554,457,253178,RGBA,illustration cutout or scene fragment,"Medium illustration/character/scenario asset. Use as supporting visual in problem, role, workflow, or help scenes.",Check crop and style before mixing with other character families.
RYO26-257,images/image15.png,554,457,253178,RGBA,illustration cutout or scene fragment,"Medium illustration/character/scenario asset. Use as supporting visual in problem, role, workflow, or help scenes.",Check crop and style before mixing with other character families.
RYO26-258,images/image13.png,554,458,253732,RGBA,illustration cutout or scene fragment,"Medium illustration/character/scenario asset. Use as supporting visual in problem, role, workflow, or help scenes.",Check crop and style before mixing with other character families.
RYO26-259,images/image219.png,569,466,265154,RGBA,illustration cutout or scene fragment,"Medium illustration/character/scenario asset. Use as supporting visual in problem, role, workflow, or help scenes.",Check crop and style before mixing with other character families.
RYO26-260,images/image234.png,526,522,274572,RGBA,illustration cutout or scene fragment,"Medium illustration/character/scenario asset. Use as supporting visual in problem, role, workflow, or help scenes.",Check crop and style before mixing with other character families.
RYO26-261,images/image224.png,588,492,289296,RGBA,illustration cutout or scene fragment,"Medium illustration/character/scenario asset. Use as supporting visual in problem, role, workflow, or help scenes.",Check crop and style before mixing with other character families.
RYO26-262,images/image227.png,599,497,297703,RGBA,illustration cutout or scene fragment,"Medium illustration/character/scenario asset. Use as supporting visual in problem, role, workflow, or help scenes.",Check crop and style before mixing with other character families.
